Date,Open,High,Low,Close,Volume,Dividends,Stock Splits,Capital Gains
2022-03-07 00:00:00-05:00,136.1294403076172,136.1294403076172,136.1294403076172,136.1294403076172,0,0.0,0.0,0.0
2022-03-08 00:00:00-05:00,135.16375732421875,135.16375732421875,135.16375732421875,135.16375732421875,0,0.0,0.0,0.0
2022-03-09 00:00:00-05:00,138.97666931152344,138.97666931152344,138.97666931152344,138.97666931152344,0,0.0,0.0,0.0
2022-03-10 00:00:00-05:00,138.11053466796875,138.11053466796875,138.11053466796875,138.11053466796875,0,0.0,0.0,0.0
2022-03-11 00:00:00-05:00,136.1891632080078,136.1891632080078,136.1891632080078,136.1891632080078,0,0.0,0.0,0.0
2022-03-14 00:00:00-04:00,135.0542449951172,135.0542449951172,135.0542449951172,135.0542449951172,0,0.0,0.0,0.0
2022-03-15 00:00:00-04:00,138.15036010742188,138.15036010742188,138.15036010742188,138.15036010742188,0,0.0,0.0,0.0
2022-03-16 00:00:00-04:00,141.58494567871094,141.58494567871094,141.58494567871094,141.58494567871094,0,0.0,0.0,0.0
2022-03-17 00:00:00-04:00,143.36695861816406,143.36695861816406,143.36695861816406,143.36695861816406,0,0.0,0.0,0.0
2022-03-18 00:00:00-04:00,145.24851989746094,145.24851989746094,145.24851989746094,145.24851989746094,0,0.0,0.0,0.0
2022-03-21 00:00:00-04:00,144.9996337890625,144.9996337890625,144.9996337890625,144.9996337890625,0,0.0,0.0,0.0
2022-03-22 00:00:00-04:00,146.8015594482422,146.8015594482422,146.8015594482422,146.8015594482422,0,0.0,0.0,0.0
2022-03-23 00:00:00-04:00,144.86026000976562,144.86026000976562,144.86026000976562,144.86026000976562,0,0.0,0.0,0.0
2022-03-24 00:00:00-04:00,147.01060485839844,147.01060485839844,147.01060485839844,147.01060485839844,0,0.0,0.0,0.0
2022-03-25 00:00:00-04:00,147.49842834472656,147.49842834472656,147.49842834472656,147.49842834472656,0,0.0,0.0,0.0
2022-03-28 00:00:00-04:00,148.77272033691406,148.77272033691406,148.77272033691406,148.77272033691406,0,0.0,0.0,0.0
2022-03-29 00:00:00-04:00,150.78370666503906,150.78370666503906,150.78370666503906,150.78370666503906,0,0.0,0.0,0.0
2022-03-30 00:00:00-04:00,149.61891174316406,149.61891174316406,149.61891174316406,149.61891174316406,0,0.0,0.0,0.0
2022-03-31 00:00:00-04:00,147.25950622558594,147.25950622558594,147.25950622558594,147.25950622558594,0,0.0,0.0,0.0
2022-04-01 00:00:00-04:00,147.65773010253906,147.65773010253906,147.65773010253906,147.65773010253906,0,0.0,0.0,0.0
2022-04-04 00:00:00-04:00,148.9817657470703,148.9817657470703,148.9817657470703,148.9817657470703,0,0.0,0.0,0.0
2022-04-05 00:00:00-04:00,146.93096923828125,146.93096923828125,146.93096923828125,146.93096923828125,0,0.0,0.0,0.0
2022-04-06 00:00:00-04:00,145.21864318847656,145.21864318847656,145.21864318847656,145.21864318847656,0,0.0,0.0,0.0
2022-04-07 00:00:00-04:00,145.8358917236328,145.8358917236328,145.8358917236328,145.8358917236328,0,0.0,0.0,0.0
2022-04-08 00:00:00-04:00,145.2684326171875,145.2684326171875,145.2684326171875,145.2684326171875,0,0.0,0.0,0.0
2022-04-11 00:00:00-04:00,142.90902709960938,142.90902709960938,142.90902709960938,142.90902709960938,0,0.0,0.0,0.0
2022-04-12 00:00:00-04:00,142.33160400390625,142.33160400390625,142.33160400390625,142.33160400390625,0,0.0,0.0,0.0
2022-04-13 00:00:00-04:00,144.10365295410156,144.10365295410156,144.10365295410156,144.10365295410156,0,0.0,0.0,0.0
2022-04-14 00:00:00-04:00,142.1324920654297,142.1324920654297,142.1324920654297,142.1324920654297,0,0.0,0.0,0.0
2022-04-19 00:00:00-04:00,144.46205139160156,144.46205139160156,144.46205139160156,144.46205139160156,0,0.0,0.0,0.0
2022-04-20 00:00:00-04:00,144.4321746826172,144.4321746826172,144.4321746826172,144.4321746826172,0,0.0,0.0,0.0
2022-04-21 00:00:00-04:00,142.3714141845703,142.3714141845703,142.3714141845703,142.3714141845703,0,0.0,0.0,0.0
2022-04-22 00:00:00-04:00,138.36936950683594,138.36936950683594,138.36936950683594,138.36936950683594,0,0.0,0.0,0.0
2022-04-25 00:00:00-04:00,139.3848114013672,139.3848114013672,139.3848114013672,139.3848114013672,0,0.0,0.0,0.0
2022-04-26 00:00:00-04:00,135.3031463623047,135.3031463623047,135.3031463623047,135.3031463623047,0,0.0,0.0,0.0
2022-04-27 00:00:00-04:00,135.6515655517578,135.6515655517578,135.6515655517578,135.6515655517578,0,0.0,0.0,0.0
2022-04-28 00:00:00-04:00,138.857177734375,138.857177734375,138.857177734375,138.857177734375,0,0.0,0.0,0.0
2022-04-29 00:00:00-04:00,133.83969116210938,133.83969116210938,133.83969116210938,133.83969116210938,0,0.0,0.0,0.0
2022-05-02 00:00:00-04:00,134.72572326660156,134.72572326660156,134.72572326660156,134.72572326660156,0,0.0,0.0,0.0
2022-05-03 00:00:00-04:00,135.18365478515625,135.18365478515625,135.18365478515625,135.18365478515625,0,0.0,0.0,0.0
2022-05-04 00:00:00-04:00,139.14590454101562,139.14590454101562,139.14590454101562,139.14590454101562,0,0.0,0.0,0.0
2022-05-05 00:00:00-04:00,133.94920349121094,133.94920349121094,133.94920349121094,133.94920349121094,0,0.0,0.0,0.0
2022-05-06 00:00:00-04:00,132.9337615966797,132.9337615966797,132.9337615966797,132.9337615966797,0,0.0,0.0,0.0
2022-05-09 00:00:00-04:00,128.81224060058594,128.81224060058594,128.81224060058594,128.81224060058594,0,0.0,0.0,0.0
2022-05-10 00:00:00-04:00,129.1905517578125,129.1905517578125,129.1905517578125,129.1905517578125,0,0.0,0.0,0.0
2022-05-11 00:00:00-04:00,126.76144409179688,126.76144409179688,126.76144409179688,126.76144409179688,0,0.0,0.0,0.0
2022-05-12 00:00:00-04:00,126.81121063232422,126.81121063232422,126.81121063232422,126.81121063232422,0,0.0,0.0,0.0
2022-05-13 00:00:00-04:00,129.9372100830078,129.9372100830078,129.9372100830078,129.9372100830078,0,0.0,0.0,0.0
2022-05-16 00:00:00-04:00,129.1905517578125,129.1905517578125,129.1905517578125,129.1905517578125,0,0.0,0.0,0.0
2022-05-17 00:00:00-04:00,131.82870483398438,131.82870483398438,131.82870483398438,131.82870483398438,0,0.0,0.0,0.0
2022-05-18 00:00:00-04:00,126.24375915527344,126.24375915527344,126.24375915527344,126.24375915527344,0,0.0,0.0,0.0
2022-05-19 00:00:00-04:00,125.67630767822266,125.67630767822266,125.67630767822266,125.67630767822266,0,0.0,0.0,0.0
2022-05-20 00:00:00-04:00,125.6663589477539,125.6663589477539,125.6663589477539,125.6663589477539,0,0.0,0.0,0.0
2022-05-23 00:00:00-04:00,127.89634704589844,127.89634704589844,127.89634704589844,127.89634704589844,0,0.0,0.0,0.0
2022-05-24 00:00:00-04:00,126.6220703125,126.6220703125,126.6220703125,126.6220703125,0,0.0,0.0,0.0
2022-05-25 00:00:00-04:00,127.88640594482422,127.88640594482422,127.88640594482422,127.88640594482422,0,0.0,0.0,0.0
2022-05-27 00:00:00-04:00,133.9591522216797,133.9591522216797,133.9591522216797,133.9591522216797,0,0.0,0.0,0.0
2022-05-31 00:00:00-04:00,133.0731201171875,133.0731201171875,133.0731201171875,133.0731201171875,0,0.0,0.0,0.0
2022-06-01 00:00:00-04:00,131.9581298828125,131.9581298828125,131.9581298828125,131.9581298828125,0,0.0,0.0,0.0
2022-06-02 00:00:00-04:00,134.62615966796875,134.62615966796875,134.62615966796875,134.62615966796875,0,0.0,0.0,0.0
2022-06-03 00:00:00-04:00,132.2269287109375,132.2269287109375,132.2269287109375,132.2269287109375,0,0.0,0.0,0.0
2022-06-07 00:00:00-04:00,133.8197784423828,133.8197784423828,133.8197784423828,133.8197784423828,0,0.0,0.0,0.0
2022-06-08 00:00:00-04:00,132.46585083007812,132.46585083007812,132.46585083007812,132.46585083007812,0,0.0,0.0,0.0
2022-06-09 00:00:00-04:00,129.40957641601562,129.40957641601562,129.40957641601562,129.40957641601562,0,0.0,0.0,0.0
2022-06-10 00:00:00-04:00,125.58670806884766,125.58670806884766,125.58670806884766,125.58670806884766,0,0.0,0.0,0.0
2022-06-13 00:00:00-04:00,120.82805633544922,120.82805633544922,120.82805633544922,120.82805633544922,0,0.0,0.0,0.0
2022-06-14 00:00:00-04:00,120.42984008789062,120.42984008789062,120.42984008789062,120.42984008789062,0,0.0,0.0,0.0
2022-06-15 00:00:00-04:00,122.2218017578125,122.2218017578125,122.2218017578125,122.2218017578125,0,0.0,0.0,0.0
2022-06-16 00:00:00-04:00,118.21975708007812,118.21975708007812,118.21975708007812,118.21975708007812,0,0.0,0.0,0.0
2022-06-17 00:00:00-04:00,118.75733947753906,118.75733947753906,118.75733947753906,118.75733947753906,0,0.0,0.0,0.0
2022-06-21 00:00:00-04:00,121.62448120117188,121.62448120117188,121.62448120117188,121.62448120117188,0,0.0,0.0,0.0
2022-06-22 00:00:00-04:00,121.59461212158203,121.59461212158203,121.59461212158203,121.59461212158203,0,0.0,0.0,0.0
2022-06-23 00:00:00-04:00,122.96844482421875,122.96844482421875,122.96844482421875,122.96844482421875,0,0.0,0.0,0.0
2022-06-24 00:00:00-04:00,126.72161865234375,126.72161865234375,126.72161865234375,126.72161865234375,0,0.0,0.0,0.0
2022-06-27 00:00:00-04:00,126.21389770507812,126.21389770507812,126.21389770507812,126.21389770507812,0,0.0,0.0,0.0
2022-06-28 00:00:00-04:00,123.43635559082031,123.43635559082031,123.43635559082031,123.43635559082031,0,0.0,0.0,0.0
2022-06-29 00:00:00-04:00,123.5359115600586,123.5359115600586,123.5359115600586,123.5359115600586,0,0.0,0.0,0.0
2022-06-30 00:00:00-04:00,122.31140899658203,122.31140899658203,122.31140899658203,122.31140899658203,0,0.0,0.0,0.0
2022-07-01 00:00:00-04:00,123.58568572998047,123.58568572998047,123.58568572998047,123.58568572998047,0,0.0,0.0,0.0
2022-07-05 00:00:00-04:00,124.16309356689453,124.16309356689453,124.16309356689453,124.16309356689453,0,0.0,0.0,0.0
2022-07-06 00:00:00-04:00,124.60113525390625,124.60113525390625,124.60113525390625,124.60113525390625,0,0.0,0.0,0.0
2022-07-07 00:00:00-04:00,126.58224487304688,126.58224487304688,126.58224487304688,126.58224487304688,0,0.0,0.0,0.0
2022-07-08 00:00:00-04:00,126.46277618408203,126.46277618408203,126.46277618408203,126.46277618408203,0,0.0,0.0,0.0
2022-07-11 00:00:00-04:00,124.93961334228516,124.93961334228516,124.93961334228516,124.93961334228516,0,0.0,0.0,0.0
2022-07-12 00:00:00-04:00,123.72505950927734,123.72505950927734,123.72505950927734,123.72505950927734,0,0.0,0.0,0.0
2022-07-13 00:00:00-04:00,123.20738983154297,123.20738983154297,123.20738983154297,123.20738983154297,0,0.0,0.0,0.0
2022-07-14 00:00:00-04:00,122.89876556396484,122.89876556396484,122.89876556396484,122.89876556396484,0,0.0,0.0,0.0
2022-07-15 00:00:00-04:00,125.30796813964844,125.30796813964844,125.30796813964844,125.30796813964844,0,0.0,0.0,0.0
2022-07-18 00:00:00-04:00,124.19296264648438,124.19296264648438,124.19296264648438,124.19296264648438,0,0.0,0.0,0.0
2022-07-19 00:00:00-04:00,127.59768676757812,127.59768676757812,127.59768676757812,127.59768676757812,0,0.0,0.0,0.0
2022-07-20 00:00:00-04:00,128.4837188720703,128.4837188720703,128.4837188720703,128.4837188720703,0,0.0,0.0,0.0
2022-07-21 00:00:00-04:00,129.91729736328125,129.91729736328125,129.91729736328125,129.91729736328125,0,0.0,0.0,0.0
2022-07-22 00:00:00-04:00,128.61312866210938,128.61312866210938,128.61312866210938,128.61312866210938,0,0.0,0.0,0.0
2022-07-25 00:00:00-04:00,128.5932159423828,128.5932159423828,128.5932159423828,128.5932159423828,0,0.0,0.0,0.0
2022-07-26 00:00:00-04:00,127.03023529052734,127.03023529052734,127.03023529052734,127.03023529052734,0,0.0,0.0,0.0
2022-07-27 00:00:00-04:00,130.4250030517578,130.4250030517578,130.4250030517578,130.4250030517578,0,0.0,0.0,0.0
2022-07-28 00:00:00-04:00,131.9680938720703,131.9680938720703,131.9680938720703,131.9680938720703,0,0.0,0.0,0.0
2022-07-29 00:00:00-04:00,133.77000427246094,133.77000427246094,133.77000427246094,133.77000427246094,0,0.0,0.0,0.0
2022-08-02 00:00:00-04:00,132.72470092773438,132.72470092773438,132.72470092773438,132.72470092773438,0,0.0,0.0,0.0
2022-08-03 00:00:00-04:00,135.03433227539062,135.03433227539062,135.03433227539062,135.03433227539062,0,0.0,0.0,0.0
2022-08-04 00:00:00-04:00,135.0542449951172,135.0542449951172,135.0542449951172,135.0542449951172,0,0.0,0.0,0.0
2022-08-05 00:00:00-04:00,134.86509704589844,134.86509704589844,134.86509704589844,134.86509704589844,0,0.0,0.0,0.0
2022-08-08 00:00:00-04:00,134.68589782714844,134.68589782714844,134.68589782714844,134.68589782714844,0,0.0,0.0,0.0
2022-08-09 00:00:00-04:00,133.79986572265625,133.79986572265625,133.79986572265625,133.79986572265625,0,0.0,0.0,0.0
2022-08-10 00:00:00-04:00,136.84622192382812,136.84622192382812,136.84622192382812,136.84622192382812,0,0.0,0.0,0.0
2022-08-11 00:00:00-04:00,136.6470947265625,136.6470947265625,136.6470947265625,136.6470947265625,0,0.0,0.0,0.0
2022-08-12 00:00:00-04:00,139.0065155029297,139.0065155029297,139.0065155029297,139.0065155029297,0,0.0,0.0,0.0
2022-08-15 00:00:00-04:00,139.5938720703125,139.5938720703125,139.5938720703125,139.5938720703125,0,0.0,0.0,0.0
2022-08-16 00:00:00-04:00,139.88258361816406,139.88258361816406,139.88258361816406,139.88258361816406,0,0.0,0.0,0.0
2022-08-17 00:00:00-04:00,138.76759338378906,138.76759338378906,138.76759338378906,138.76759338378906,0,0.0,0.0,0.0
2022-08-18 00:00:00-04:00,139.05628967285156,139.05628967285156,139.05628967285156,139.05628967285156,0,0.0,0.0,0.0
2022-08-19 00:00:00-04:00,137.13491821289062,137.13491821289062,137.13491821289062,137.13491821289062,0,0.0,0.0,0.0
2022-08-22 00:00:00-04:00,134.13836669921875,134.13836669921875,134.13836669921875,134.13836669921875,0,0.0,0.0,0.0
2022-08-23 00:00:00-04:00,133.77996826171875,133.77996826171875,133.77996826171875,133.77996826171875,0,0.0,0.0,0.0
2022-08-24 00:00:00-04:00,134.12838745117188,134.12838745117188,134.12838745117188,134.12838745117188,0,0.0,0.0,0.0
2022-08-25 00:00:00-04:00,136.0298614501953,136.0298614501953,136.0298614501953,136.0298614501953,0,0.0,0.0,0.0
2022-08-26 00:00:00-04:00,131.26126098632812,131.26126098632812,131.26126098632812,131.26126098632812,0,0.0,0.0,0.0
2022-08-29 00:00:00-04:00,130.2756805419922,130.2756805419922,130.2756805419922,130.2756805419922,0,0.0,0.0,0.0
2022-08-30 00:00:00-04:00,129.0113525390625,129.0113525390625,129.0113525390625,129.0113525390625,0,0.0,0.0,0.0
2022-08-31 00:00:00-04:00,127.98594665527344,127.98594665527344,127.98594665527344,127.98594665527344,0,0.0,0.0,0.0
2022-09-01 00:00:00-04:00,128.28460693359375,128.28460693359375,128.28460693359375,128.28460693359375,0,0.0,0.0,0.0
2022-09-02 00:00:00-04:00,126.9505844116211,126.9505844116211,126.9505844116211,126.9505844116211,0,0.0,0.0,0.0
2022-09-06 00:00:00-04:00,126.353271484375,126.353271484375,126.353271484375,126.353271484375,0,0.0,0.0,0.0
2022-09-07 00:00:00-04:00,128.81224060058594,128.81224060058594,128.81224060058594,128.81224060058594,0,0.0,0.0,0.0
2022-09-08 00:00:00-04:00,129.7779083251953,129.7779083251953,129.7779083251953,129.7779083251953,0,0.0,0.0,0.0
2022-09-09 00:00:00-04:00,131.8187713623047,131.8187713623047,131.8187713623047,131.8187713623047,0,0.0,0.0,0.0
2022-09-12 00:00:00-04:00,133.2025604248047,133.2025604248047,133.2025604248047,133.2025604248047,0,0.0,0.0,0.0
2022-09-13 00:00:00-04:00,127.48817443847656,127.48817443847656,127.48817443847656,127.48817443847656,0,0.0,0.0,0.0
2022-09-14 00:00:00-04:00,127.86649322509766,127.86649322509766,127.86649322509766,127.86649322509766,0,0.0,0.0,0.0
2022-09-15 00:00:00-04:00,126.56233215332031,126.56233215332031,126.56233215332031,126.56233215332031,0,0.0,0.0,0.0
2022-09-16 00:00:00-04:00,125.54689025878906,125.54689025878906,125.54689025878906,125.54689025878906,0,0.0,0.0,0.0
2022-09-19 00:00:00-04:00,126.43291473388672,126.43291473388672,126.43291473388672,126.43291473388672,0,0.0,0.0,0.0
2022-09-20 00:00:00-04:00,124.98939514160156,124.98939514160156,124.98939514160156,124.98939514160156,0,0.0,0.0,0.0
2022-09-21 00:00:00-04:00,122.90872192382812,122.90872192382812,122.90872192382812,122.90872192382812,0,0.0,0.0,0.0
2022-09-22 00:00:00-04:00,121.71408081054688,121.71408081054688,121.71408081054688,121.71408081054688,0,0.0,0.0,0.0
2022-09-23 00:00:00-04:00,119.84246826171875,119.84246826171875,119.84246826171875,119.84246826171875,0,0.0,0.0,0.0
2022-09-26 00:00:00-04:00,118.69761657714844,118.69761657714844,118.69761657714844,118.69761657714844,0,0.0,0.0,0.0
2022-09-27 00:00:00-04:00,118.53832244873047,118.53832244873047,118.53832244873047,118.53832244873047,0,0.0,0.0,0.0
2022-09-28 00:00:00-04:00,120.8778305053711,120.8778305053711,120.8778305053711,120.8778305053711,0,0.0,0.0,0.0
2022-09-29 00:00:00-04:00,118.3989486694336,118.3989486694336,118.3989486694336,118.3989486694336,0,0.0,0.0,0.0
2022-09-30 00:00:00-04:00,116.60698699951172,116.60698699951172,116.60698699951172,116.60698699951172,0,0.0,0.0,0.0
2022-10-03 00:00:00-04:00,119.55377197265625,119.55377197265625,119.55377197265625,119.55377197265625,0,0.0,0.0,0.0
2022-10-04 00:00:00-04:00,123.28701782226562,123.28701782226562,123.28701782226562,123.28701782226562,0,0.0,0.0,0.0
2022-10-05 00:00:00-04:00,123.11297607421875,123.11297607421875,123.11297607421875,123.11297607421875,0,0.275555,0.0,0.0
2022-10-06 00:00:00-04:00,121.92564392089844,121.92564392089844,121.92564392089844,121.92564392089844,0,0.0,0.0,0.0
2022-10-07 00:00:00-04:00,118.31377410888672,118.31377410888672,118.31377410888672,118.31377410888672,0,0.0,0.0,0.0
2022-10-10 00:00:00-04:00,117.39584350585938,117.39584350585938,117.39584350585938,117.39584350585938,0,0.0,0.0,0.0
2022-10-11 00:00:00-04:00,116.5976333618164,116.5976333618164,116.5976333618164,116.5976333618164,0,0.0,0.0,0.0
2022-10-12 00:00:00-04:00,116.34819793701172,116.34819793701172,116.34819793701172,116.34819793701172,0,0.0,0.0,0.0
2022-10-13 00:00:00-04:00,119.24168395996094,119.24168395996094,119.24168395996094,119.24168395996094,0,0.0,0.0,0.0
2022-10-14 00:00:00-04:00,116.38810729980469,116.38810729980469,116.38810729980469,116.38810729980469,0,0.0,0.0,0.0
2022-10-17 00:00:00-04:00,119.4711685180664,119.4711685180664,119.4711685180664,119.4711685180664,0,0.0,0.0,0.0
2022-10-18 00:00:00-04:00,120.82810974121094,120.82810974121094,120.82810974121094,120.82810974121094,0,0.0,0.0,0.0
2022-10-19 00:00:00-04:00,119.87026977539062,119.87026977539062,119.87026977539062,119.87026977539062,0,0.0,0.0,0.0
2022-10-20 00:00:00-04:00,118.92240905761719,118.92240905761719,118.92240905761719,118.92240905761719,0,0.0,0.0,0.0
2022-10-21 00:00:00-04:00,121.75602722167969,121.75602722167969,121.75602722167969,121.75602722167969,0,0.0,0.0,0.0
2022-10-24 00:00:00-04:00,123.24267578125,123.24267578125,123.24267578125,123.24267578125,0,0.0,0.0,0.0
2022-10-25 00:00:00-04:00,125.32798767089844,125.32798767089844,125.32798767089844,125.32798767089844,0,0.0,0.0,0.0
2022-10-26 00:00:00-04:00,124.43998718261719,124.43998718261719,124.43998718261719,124.43998718261719,0,0.0,0.0,0.0
2022-10-27 00:00:00-04:00,123.9311294555664,123.9311294555664,123.9311294555664,123.9311294555664,0,0.0,0.0,0.0
2022-10-28 00:00:00-04:00,126.9044418334961,126.9044418334961,126.9044418334961,126.9044418334961,0,0.0,0.0,0.0
2022-10-31 00:00:00-04:00,125.97653198242188,125.97653198242188,125.97653198242188,125.97653198242188,0,0.0,0.0,0.0
2022-11-01 00:00:00-04:00,125.45769500732422,125.45769500732422,125.45769500732422,125.45769500732422,0,0.0,0.0,0.0
2022-11-02 00:00:00-04:00,122.17507934570312,122.17507934570312,122.17507934570312,122.17507934570312,0,0.0,0.0,0.0
2022-11-03 00:00:00-04:00,120.67845153808594,120.67845153808594,120.67845153808594,120.67845153808594,0,0.0,0.0,0.0
2022-11-04 00:00:00-04:00,122.29481506347656,122.29481506347656,122.29481506347656,122.29481506347656,0,0.0,0.0,0.0
2022-11-07 00:00:00-05:00,123.49211883544922,123.49211883544922,123.49211883544922,123.49211883544922,0,0.0,0.0,0.0
2022-11-08 00:00:00-05:00,124.24043273925781,124.24043273925781,124.24043273925781,124.24043273925781,0,0.0,0.0,0.0
2022-11-09 00:00:00-05:00,121.63629913330078,121.63629913330078,121.63629913330078,121.63629913330078,0,0.0,0.0,0.0
2022-11-10 00:00:00-05:00,128.63055419921875,128.63055419921875,128.63055419921875,128.63055419921875,0,0.0,0.0,0.0
2022-11-11 00:00:00-05:00,130.0373992919922,130.0373992919922,130.0373992919922,130.0373992919922,0,0.0,0.0,0.0
2022-11-15 00:00:00-05:00,130.0373992919922,130.0373992919922,130.0373992919922,130.0373992919922,0,0.0,0.0,0.0
2022-11-16 00:00:00-05:00,128.90992736816406,128.90992736816406,128.90992736816406,128.90992736816406,0,0.0,0.0,0.0
2022-11-17 00:00:00-05:00,128.44097900390625,128.44097900390625,128.44097900390625,128.44097900390625,0,0.0,0.0,0.0
2022-11-18 00:00:00-05:00,129.0795440673828,129.0795440673828,129.0795440673828,129.0795440673828,0,0.0,0.0,0.0
2022-11-21 00:00:00-05:00,128.53079223632812,128.53079223632812,128.53079223632812,128.53079223632812,0,0.0,0.0,0.0
2022-11-22 00:00:00-05:00,130.2967987060547,130.2967987060547,130.2967987060547,130.2967987060547,0,0.0,0.0,0.0
2022-11-23 00:00:00-05:00,131.12493896484375,131.12493896484375,131.12493896484375,131.12493896484375,0,0.0,0.0,0.0
2022-11-25 00:00:00-05:00,131.05511474609375,131.05511474609375,131.05511474609375,131.05511474609375,0,0.0,0.0,0.0
2022-11-28 00:00:00-05:00,129.10948181152344,129.10948181152344,129.10948181152344,129.10948181152344,0,0.0,0.0,0.0
2022-11-29 00:00:00-05:00,128.77024841308594,128.77024841308594,128.77024841308594,128.77024841308594,0,0.0,0.0,0.0
2022-11-30 00:00:00-05:00,132.9608154296875,132.9608154296875,132.9608154296875,132.9608154296875,0,0.0,0.0,0.0
2022-12-01 00:00:00-05:00,132.97079467773438,132.97079467773438,132.97079467773438,132.97079467773438,0,0.0,0.0,0.0
2022-12-02 00:00:00-05:00,132.75128173828125,132.75128173828125,132.75128173828125,132.75128173828125,0,0.0,0.0,0.0
2022-12-05 00:00:00-05:00,130.25689697265625,130.25689697265625,130.25689697265625,130.25689697265625,0,0.0,0.0,0.0
2022-12-06 00:00:00-05:00,128.43101501464844,128.43101501464844,128.43101501464844,128.43101501464844,0,0.0,0.0,0.0
2022-12-07 00:00:00-05:00,128.28135681152344,128.28135681152344,128.28135681152344,128.28135681152344,0,0.0,0.0,0.0
2022-12-08 00:00:00-05:00,129.368896484375,129.368896484375,129.368896484375,129.368896484375,0,0.0,0.0,0.0
2022-12-12 00:00:00-05:00,130.2269744873047,130.2269744873047,130.2269744873047,130.2269744873047,0,0.0,0.0,0.0
2022-12-13 00:00:00-05:00,131.16485595703125,131.16485595703125,131.16485595703125,131.16485595703125,0,0.0,0.0,0.0
2022-12-14 00:00:00-05:00,130.35667419433594,130.35667419433594,130.35667419433594,130.35667419433594,0,0.0,0.0,0.0
2022-12-15 00:00:00-05:00,126.91441345214844,126.91441345214844,126.91441345214844,126.91441345214844,0,0.0,0.0,0.0
2022-12-16 00:00:00-05:00,125.54750061035156,125.54750061035156,125.54750061035156,125.54750061035156,0,0.0,0.0,0.0
2022-12-19 00:00:00-05:00,124.36016845703125,124.36016845703125,124.36016845703125,124.36016845703125,0,0.0,0.0,0.0
2022-12-20 00:00:00-05:00,124.44996643066406,124.44996643066406,124.44996643066406,124.44996643066406,0,0.0,0.0,0.0
2022-12-21 00:00:00-05:00,126.3057861328125,126.3057861328125,126.3057861328125,126.3057861328125,0,0.0,0.0,0.0
2022-12-22 00:00:00-05:00,124.50983428955078,124.50983428955078,124.50983428955078,124.50983428955078,0,0.0,0.0,0.0
2022-12-23 00:00:00-05:00,125.06857299804688,125.06857299804688,125.06857299804688,125.06857299804688,0,0.0,0.0,0.0
2022-12-27 00:00:00-05:00,124.47989654541016,124.47989654541016,124.47989654541016,124.47989654541016,0,0.0,0.0,0.0
2022-12-28 00:00:00-05:00,123.02317810058594,123.02317810058594,123.02317810058594,123.02317810058594,0,0.0,0.0,0.0
2022-12-29 00:00:00-05:00,125.25814819335938,125.25814819335938,125.25814819335938,125.25814819335938,0,0.0,0.0,0.0
2022-12-30 00:00:00-05:00,124.88897705078125,124.88897705078125,124.88897705078125,124.88897705078125,0,0.0,0.0,0.0
2023-01-03 00:00:00-05:00,124.4100570678711,124.4100570678711,124.4100570678711,124.4100570678711,0,0.0,0.0,0.0
2023-01-04 00:00:00-05:00,125.35791778564453,125.35791778564453,125.35791778564453,125.35791778564453,0,0.0,0.0,0.0
2023-01-05 00:00:00-05:00,123.85131072998047,123.85131072998047,123.85131072998047,123.85131072998047,0,0.0,0.0,0.0
2023-01-06 00:00:00-05:00,126.66497802734375,126.66497802734375,126.66497802734375,126.66497802734375,0,0.0,0.0,0.0
2023-01-09 00:00:00-05:00,126.67495727539062,126.67495727539062,126.67495727539062,126.67495727539062,0,0.0,0.0,0.0
2023-01-10 00:00:00-05:00,127.61284637451172,127.61284637451172,127.61284637451172,127.61284637451172,0,0.0,0.0,0.0
2023-01-11 00:00:00-05:00,129.25914001464844,129.25914001464844,129.25914001464844,129.25914001464844,0,0.0,0.0,0.0
2023-01-12 00:00:00-05:00,129.59837341308594,129.59837341308594,129.59837341308594,129.59837341308594,0,0.0,0.0,0.0
2023-01-13 00:00:00-05:00,130.2967987060547,130.2967987060547,130.2967987060547,130.2967987060547,0,0.0,0.0,0.0
2023-01-17 00:00:00-05:00,130.06732177734375,130.06732177734375,130.06732177734375,130.06732177734375,0,0.0,0.0,0.0
2023-01-18 00:00:00-05:00,128.11172485351562,128.11172485351562,128.11172485351562,128.11172485351562,0,0.0,0.0,0.0
2023-01-19 00:00:00-05:00,126.9942398071289,126.9942398071289,126.9942398071289,126.9942398071289,0,0.0,0.0,0.0
2023-01-20 00:00:00-05:00,129.5085906982422,129.5085906982422,129.5085906982422,129.5085906982422,0,0.0,0.0,0.0
2023-01-23 00:00:00-05:00,131.19479370117188,131.19479370117188,131.19479370117188,131.19479370117188,0,0.0,0.0,0.0
2023-01-24 00:00:00-05:00,130.93536376953125,130.93536376953125,130.93536376953125,130.93536376953125,0,0.0,0.0,0.0
2023-01-25 00:00:00-05:00,130.9453582763672,130.9453582763672,130.9453582763672,130.9453582763672,0,0.0,0.0,0.0
2023-01-26 00:00:00-05:00,132.31227111816406,132.31227111816406,132.31227111816406,132.31227111816406,0,0.0,0.0,0.0
2023-01-27 00:00:00-05:00,132.6814422607422,132.6814422607422,132.6814422607422,132.6814422607422,0,0.0,0.0,0.0
2023-01-30 00:00:00-05:00,130.955322265625,130.955322265625,130.955322265625,130.955322265625,0,0.0,0.0,0.0
2023-01-31 00:00:00-05:00,132.9408721923828,132.9408721923828,132.9408721923828,132.9408721923828,0,0.0,0.0,0.0
2023-02-01 00:00:00-05:00,134.54725646972656,134.54725646972656,134.54725646972656,134.54725646972656,0,0.0,0.0,0.0
2023-02-02 00:00:00-05:00,136.51283264160156,136.51283264160156,136.51283264160156,136.51283264160156,0,0.0,0.0,0.0
2023-02-03 00:00:00-05:00,135.0561065673828,135.0561065673828,135.0561065673828,135.0561065673828,0,0.0,0.0,0.0
2023-02-06 00:00:00-05:00,134.058349609375,134.058349609375,134.058349609375,134.058349609375,0,0.0,0.0,0.0
2023-02-07 00:00:00-05:00,135.7345733642578,135.7345733642578,135.7345733642578,135.7345733642578,0,0.0,0.0,0.0
2023-02-08 00:00:00-05:00,134.2479248046875,134.2479248046875,134.2479248046875,134.2479248046875,0,0.0,0.0,0.0
2023-02-09 00:00:00-05:00,133.04063415527344,133.04063415527344,133.04063415527344,133.04063415527344,0,0.0,0.0,0.0
2023-02-10 00:00:00-05:00,133.08055114746094,133.08055114746094,133.08055114746094,133.08055114746094,0,0.0,0.0,0.0
2023-02-13 00:00:00-05:00,134.6869354248047,134.6869354248047,134.6869354248047,134.6869354248047,0,0.0,0.0,0.0
2023-02-14 00:00:00-05:00,134.79669189453125,134.79669189453125,134.79669189453125,134.79669189453125,0,0.0,0.0,0.0
2023-02-15 00:00:00-05:00,135.48512268066406,135.48512268066406,135.48512268066406,135.48512268066406,0,0.0,0.0,0.0
2023-02-16 00:00:00-05:00,133.63929748535156,133.63929748535156,133.63929748535156,133.63929748535156,0,0.0,0.0,0.0
2023-02-17 00:00:00-05:00,133.27012634277344,133.27012634277344,133.27012634277344,133.27012634277344,0,0.0,0.0,0.0
2023-02-21 00:00:00-05:00,130.426513671875,130.426513671875,130.426513671875,130.426513671875,0,0.0,0.0,0.0
2023-02-22 00:00:00-05:00,130.3666534423828,130.3666534423828,130.3666534423828,130.3666534423828,0,0.0,0.0,0.0
2023-02-23 00:00:00-05:00,131.0850372314453,131.0850372314453,131.0850372314453,131.0850372314453,0,0.0,0.0,0.0
2023-02-24 00:00:00-05:00,129.6183319091797,129.6183319091797,129.6183319091797,129.6183319091797,0,0.0,0.0,0.0
2023-02-27 00:00:00-05:00,130.07730102539062,130.07730102539062,130.07730102539062,130.07730102539062,0,0.0,0.0,0.0
2023-02-28 00:00:00-05:00,129.72808837890625,129.72808837890625,129.72808837890625,129.72808837890625,0,0.0,0.0,0.0
2023-03-01 00:00:00-05:00,129.14939880371094,129.14939880371094,129.14939880371094,129.14939880371094,0,0.0,0.0,0.0
2023-03-02 00:00:00-05:00,130.09725952148438,130.09725952148438,130.09725952148438,130.09725952148438,0,0.0,0.0,0.0
2023-03-03 00:00:00-05:00,132.13267517089844,132.13267517089844,132.13267517089844,132.13267517089844,0,0.0,0.0,0.0
2023-03-06 00:00:00-05:00,132.06283569335938,132.06283569335938,132.06283569335938,132.06283569335938,0,0.0,0.0,0.0
2023-03-07 00:00:00-05:00,130.0872802734375,130.0872802734375,130.0872802734375,130.0872802734375,0,0.0,0.0,0.0
2023-03-08 00:00:00-05:00,130.27685546875,130.27685546875,130.27685546875,130.27685546875,0,0.0,0.0,0.0
2023-03-09 00:00:00-05:00,127.79244232177734,127.79244232177734,127.79244232177734,127.79244232177734,0,0.0,0.0,0.0
2023-03-10 00:00:00-05:00,125.81688690185547,125.81688690185547,125.81688690185547,125.81688690185547,0,0.0,0.0,0.0
2023-03-13 00:00:00-04:00,125.5574722290039,125.5574722290039,125.5574722290039,125.5574722290039,0,0.0,0.0,0.0
2023-03-14 00:00:00-04:00,127.65276336669922,127.65276336669922,127.65276336669922,127.65276336669922,0,0.0,0.0,0.0
2023-03-15 00:00:00-04:00,126.78471374511719,126.78471374511719,126.78471374511719,126.78471374511719,0,0.0,0.0,0.0
2023-03-16 00:00:00-04:00,129.1194610595703,129.1194610595703,129.1194610595703,129.1194610595703,0,0.0,0.0,0.0
2023-03-17 00:00:00-04:00,127.79244232177734,127.79244232177734,127.79244232177734,127.79244232177734,0,0.0,0.0,0.0
2023-03-20 00:00:00-04:00,128.90992736816406,128.90992736816406,128.90992736816406,128.90992736816406,0,0.0,0.0,0.0
2023-03-21 00:00:00-04:00,130.7058868408203,130.7058868408203,130.7058868408203,130.7058868408203,0,0.0,0.0,0.0
2023-03-22 00:00:00-04:00,128.6006317138672,128.6006317138672,128.6006317138672,128.6006317138672,0,0.0,0.0,0.0
2023-03-23 00:00:00-04:00,129.06956481933594,129.06956481933594,129.06956481933594,129.06956481933594,0,0.0,0.0,0.0
2023-03-24 00:00:00-04:00,129.62831115722656,129.62831115722656,129.62831115722656,129.62831115722656,0,0.0,0.0,0.0
2023-03-27 00:00:00-04:00,129.8577880859375,129.8577880859375,129.8577880859375,129.8577880859375,0,0.0,0.0,0.0
2023-03-28 00:00:00-04:00,129.6083526611328,129.6083526611328,129.6083526611328,129.6083526611328,0,0.0,0.0,0.0
2023-03-29 00:00:00-04:00,131.4242706298828,131.4242706298828,131.4242706298828,131.4242706298828,0,0.0,0.0,0.0
2023-03-31 00:00:00-04:00,134.2080078125,134.2080078125,134.2080078125,134.2080078125,0,0.0,0.0,0.0
2023-04-03 00:00:00-04:00,134.42750549316406,134.42750549316406,134.42750549316406,134.42750549316406,0,0.0,0.0,0.0
2023-04-04 00:00:00-04:00,133.529541015625,133.529541015625,133.529541015625,133.529541015625,0,0.0,0.0,0.0
2023-04-05 00:00:00-04:00,133.04063415527344,133.04063415527344,133.04063415527344,133.04063415527344,0,0.0,0.0,0.0
2023-04-06 00:00:00-04:00,133.4696807861328,133.4696807861328,133.4696807861328,133.4696807861328,0,0.0,0.0,0.0
2023-04-11 00:00:00-04:00,133.6592559814453,133.6592559814453,133.6592559814453,133.6592559814453,0,0.0,0.0,0.0
2023-04-12 00:00:00-04:00,133.02069091796875,133.02069091796875,133.02069091796875,133.02069091796875,0,0.0,0.0,0.0
2023-04-13 00:00:00-04:00,134.85655212402344,134.85655212402344,134.85655212402344,134.85655212402344,0,0.0,0.0,0.0
2023-04-14 00:00:00-04:00,134.60711669921875,134.60711669921875,134.60711669921875,134.60711669921875,0,0.0,0.0,0.0
2023-04-17 00:00:00-04:00,135.04612731933594,135.04612731933594,135.04612731933594,135.04612731933594,0,0.0,0.0,0.0
2023-04-18 00:00:00-04:00,135.115966796875,135.115966796875,135.115966796875,135.115966796875,0,0.0,0.0,0.0
2023-04-19 00:00:00-04:00,135.03614807128906,135.03614807128906,135.03614807128906,135.03614807128906,0,0.0,0.0,0.0
2023-04-20 00:00:00-04:00,134.3077850341797,134.3077850341797,134.3077850341797,134.3077850341797,0,0.0,0.0,0.0
2023-04-21 00:00:00-04:00,134.4574432373047,134.4574432373047,134.4574432373047,134.4574432373047,0,0.0,0.0,0.0
2023-04-24 00:00:00-04:00,134.48736572265625,134.48736572265625,134.48736572265625,134.48736572265625,0,0.0,0.0,0.0
2023-04-25 00:00:00-04:00,132.23245239257812,132.23245239257812,132.23245239257812,132.23245239257812,0,0.0,0.0,0.0
2023-04-26 00:00:00-04:00,131.84332275390625,131.84332275390625,131.84332275390625,131.84332275390625,0,0.0,0.0,0.0
2023-04-27 00:00:00-04:00,134.14813232421875,134.14813232421875,134.14813232421875,134.14813232421875,0,0.0,0.0,0.0
2023-04-28 00:00:00-04:00,135.22572326660156,135.22572326660156,135.22572326660156,135.22572326660156,0,0.0,0.0,0.0
2023-05-02 00:00:00-04:00,133.84881591796875,133.84881591796875,133.84881591796875,133.84881591796875,0,0.0,0.0,0.0
2023-05-03 00:00:00-04:00,133.000732421875,133.000732421875,133.000732421875,133.000732421875,0,0.0,0.0,0.0
2023-05-04 00:00:00-04:00,132.04287719726562,132.04287719726562,132.04287719726562,132.04287719726562,0,0.0,0.0,0.0
2023-05-05 00:00:00-04:00,134.5272979736328,134.5272979736328,134.5272979736328,134.5272979736328,0,0.0,0.0,0.0
2023-05-08 00:00:00-04:00,134.65699768066406,134.65699768066406,134.65699768066406,134.65699768066406,0,0.0,0.0,0.0
2023-05-09 00:00:00-04:00,134.00845336914062,134.00845336914062,134.00845336914062,134.00845336914062,0,0.0,0.0,0.0
2023-05-10 00:00:00-04:00,134.67694091796875,134.67694091796875,134.67694091796875,134.67694091796875,0,0.0,0.0,0.0
2023-05-11 00:00:00-04:00,134.51731872558594,134.51731872558594,134.51731872558594,134.51731872558594,0,0.0,0.0,0.0
2023-05-12 00:00:00-04:00,134.3177490234375,134.3177490234375,134.3177490234375,134.3177490234375,0,0.0,0.0,0.0
2023-05-15 00:00:00-04:00,134.79669189453125,134.79669189453125,134.79669189453125,134.79669189453125,0,0.0,0.0,0.0
2023-05-16 00:00:00-04:00,133.9685516357422,133.9685516357422,133.9685516357422,133.9685516357422,0,0.0,0.0,0.0
2023-05-17 00:00:00-04:00,135.52503967285156,135.52503967285156,135.52503967285156,135.52503967285156,0,0.0,0.0,0.0
2023-05-19 00:00:00-04:00,136.67245483398438,136.67245483398438,136.67245483398438,136.67245483398438,0,0.0,0.0,0.0
2023-05-22 00:00:00-04:00,136.71237182617188,136.71237182617188,136.71237182617188,136.71237182617188,0,0.0,0.0,0.0
2023-05-23 00:00:00-04:00,135.08602905273438,135.08602905273438,135.08602905273438,135.08602905273438,0,0.0,0.0,0.0
2023-05-24 00:00:00-04:00,134.0683135986328,134.0683135986328,134.0683135986328,134.0683135986328,0,0.0,0.0,0.0
2023-05-25 00:00:00-04:00,135.28558349609375,135.28558349609375,135.28558349609375,135.28558349609375,0,0.0,0.0,0.0
2023-05-26 00:00:00-04:00,137.1414031982422,137.1414031982422,137.1414031982422,137.1414031982422,0,0.0,0.0,0.0
2023-05-30 00:00:00-04:00,137.12144470214844,137.12144470214844,137.12144470214844,137.12144470214844,0,0.0,0.0,0.0
2023-05-31 00:00:00-04:00,136.26339721679688,136.26339721679688,136.26339721679688,136.26339721679688,0,0.0,0.0,0.0
2023-06-01 00:00:00-04:00,137.66024780273438,137.66024780273438,137.66024780273438,137.66024780273438,0,0.0,0.0,0.0
2023-06-02 00:00:00-04:00,139.68568420410156,139.68568420410156,139.68568420410156,139.68568420410156,0,0.0,0.0,0.0
2023-06-05 00:00:00-04:00,139.42626953125,139.42626953125,139.42626953125,139.42626953125,0,0.0,0.0,0.0
2023-06-06 00:00:00-04:00,139.68568420410156,139.68568420410156,139.68568420410156,139.68568420410156,0,0.0,0.0,0.0
2023-06-07 00:00:00-04:00,138.92739868164062,138.92739868164062,138.92739868164062,138.92739868164062,0,0.0,0.0,0.0
2023-06-08 00:00:00-04:00,139.8553009033203,139.8553009033203,139.8553009033203,139.8553009033203,0,0.0,0.0,0.0
2023-06-09 00:00:00-04:00,140.0448760986328,140.0448760986328,140.0448760986328,140.0448760986328,0,0.0,0.0,0.0
2023-06-12 00:00:00-04:00,141.4916229248047,141.4916229248047,141.4916229248047,141.4916229248047,0,0.0,0.0,0.0
2023-06-13 00:00:00-04:00,142.57916259765625,142.57916259765625,142.57916259765625,142.57916259765625,0,0.0,0.0,0.0
2023-06-14 00:00:00-04:00,142.71885681152344,142.71885681152344,142.71885681152344,142.71885681152344,0,0.0,0.0,0.0
2023-06-15 00:00:00-04:00,144.5048370361328,144.5048370361328,144.5048370361328,144.5048370361328,0,0.0,0.0,0.0
2023-06-16 00:00:00-04:00,143.9061737060547,143.9061737060547,143.9061737060547,143.9061737060547,0,0.0,0.0,0.0
2023-06-20 00:00:00-04:00,143.22772216796875,143.22772216796875,143.22772216796875,143.22772216796875,0,0.0,0.0,0.0
2023-06-21 00:00:00-04:00,142.3496856689453,142.3496856689453,142.3496856689453,142.3496856689453,0,0.0,0.0,0.0
2023-06-22 00:00:00-04:00,143.01817321777344,143.01817321777344,143.01817321777344,143.01817321777344,0,0.0,0.0,0.0
2023-06-23 00:00:00-04:00,141.90069580078125,141.90069580078125,141.90069580078125,141.90069580078125,0,0.0,0.0,0.0
2023-06-26 00:00:00-04:00,141.24217224121094,141.24217224121094,141.24217224121094,141.24217224121094,0,0.0,0.0,0.0
2023-06-27 00:00:00-04:00,142.9184112548828,142.9184112548828,142.9184112548828,142.9184112548828,0,0.0,0.0,0.0
2023-06-28 00:00:00-04:00,142.8784942626953,142.8784942626953,142.8784942626953,142.8784942626953,0,0.0,0.0,0.0
2023-06-29 00:00:00-04:00,143.4671630859375,143.4671630859375,143.4671630859375,143.4671630859375,0,0.0,0.0,0.0
2023-06-30 00:00:00-04:00,145.2232208251953,145.2232208251953,145.2232208251953,145.2232208251953,0,0.0,0.0,0.0
2023-07-03 00:00:00-04:00,145.33297729492188,145.33297729492188,145.33297729492188,145.33297729492188,0,0.0,0.0,0.0
2023-07-05 00:00:00-04:00,144.86402893066406,144.86402893066406,144.86402893066406,144.86402893066406,0,0.0,0.0,0.0
2023-07-06 00:00:00-04:00,143.72659301757812,143.72659301757812,143.72659301757812,143.72659301757812,0,0.0,0.0,0.0
2023-07-07 00:00:00-04:00,143.36740112304688,143.36740112304688,143.36740112304688,143.36740112304688,0,0.0,0.0,0.0
2023-07-10 00:00:00-04:00,143.8463134765625,143.8463134765625,143.8463134765625,143.8463134765625,0,0.0,0.0,0.0
2023-07-11 00:00:00-04:00,144.81414794921875,144.81414794921875,144.81414794921875,144.81414794921875,0,0.0,0.0,0.0
2023-07-12 00:00:00-04:00,145.7520294189453,145.7520294189453,145.7520294189453,145.7520294189453,0,0.0,0.0,0.0
2023-07-13 00:00:00-04:00,147.0989990234375,147.0989990234375,147.0989990234375,147.0989990234375,0,0.0,0.0,0.0
2023-07-14 00:00:00-04:00,147.0790557861328,147.0790557861328,147.0790557861328,147.0790557861328,0,0.0,0.0,0.0
2023-07-17 00:00:00-04:00,147.7974395751953,147.7974395751953,147.7974395751953,147.7974395751953,0,0.0,0.0,0.0
2023-07-18 00:00:00-04:00,148.9747772216797,148.9747772216797,148.9747772216797,148.9747772216797,0,0.0,0.0,0.0
2023-07-19 00:00:00-04:00,149.3140106201172,149.3140106201172,149.3140106201172,149.3140106201172,0,0.0,0.0,0.0
2023-07-20 00:00:00-04:00,148.16659545898438,148.16659545898438,148.16659545898438,148.16659545898438,0,0.0,0.0,0.0
2023-07-21 00:00:00-04:00,148.31625366210938,148.31625366210938,148.31625366210938,148.31625366210938,0,0.0,0.0,0.0
2023-07-24 00:00:00-04:00,148.80516052246094,148.80516052246094,148.80516052246094,148.80516052246094,0,0.0,0.0,0.0
2023-07-25 00:00:00-04:00,149.3040313720703,149.3040313720703,149.3040313720703,149.3040313720703,0,0.0,0.0,0.0
2023-07-26 00:00:00-04:00,149.1942901611328,149.1942901611328,149.1942901611328,149.1942901611328,0,0.0,0.0,0.0
2023-07-27 00:00:00-04:00,148.2064971923828,148.2064971923828,148.2064971923828,148.2064971923828,0,0.0,0.0,0.0
2023-07-28 00:00:00-04:00,149.71311950683594,149.71311950683594,149.71311950683594,149.71311950683594,0,0.0,0.0,0.0
2023-07-31 00:00:00-04:00,149.99249267578125,149.99249267578125,149.99249267578125,149.99249267578125,0,0.0,0.0,0.0
2023-08-02 00:00:00-04:00,147.40830993652344,147.40830993652344,147.40830993652344,147.40830993652344,0,0.0,0.0,0.0
2023-08-03 00:00:00-04:00,147.138916015625,147.138916015625,147.138916015625,147.138916015625,0,0.0,0.0,0.0
2023-08-04 00:00:00-04:00,146.37063598632812,146.37063598632812,146.37063598632812,146.37063598632812,0,0.0,0.0,0.0
2023-08-07 00:00:00-04:00,147.667724609375,147.667724609375,147.667724609375,147.667724609375,0,0.0,0.0,0.0
2023-08-08 00:00:00-04:00,146.90943908691406,146.90943908691406,146.90943908691406,146.90943908691406,0,0.0,0.0,0.0
2023-08-09 00:00:00-04:00,145.79193115234375,145.79193115234375,145.79193115234375,145.79193115234375,0,0.0,0.0,0.0
2023-08-10 00:00:00-04:00,145.8917236328125,145.8917236328125,145.8917236328125,145.8917236328125,0,0.0,0.0,0.0
2023-08-11 00:00:00-04:00,145.65225219726562,145.65225219726562,145.65225219726562,145.65225219726562,0,0.0,0.0,0.0
2023-08-14 00:00:00-04:00,146.56021118164062,146.56021118164062,146.56021118164062,146.56021118164062,0,0.0,0.0,0.0
2023-08-15 00:00:00-04:00,144.95382690429688,144.95382690429688,144.95382690429688,144.95382690429688,0,0.0,0.0,0.0
2023-08-16 00:00:00-04:00,143.89620971679688,143.89620971679688,143.89620971679688,143.89620971679688,0,0.0,0.0,0.0
2023-08-17 00:00:00-04:00,142.67893981933594,142.67893981933594,142.67893981933594,142.67893981933594,0,0.0,0.0,0.0
2023-08-18 00:00:00-04:00,142.64901733398438,142.64901733398438,142.64901733398438,142.64901733398438,0,0.0,0.0,0.0
2023-08-21 00:00:00-04:00,143.7165985107422,143.7165985107422,143.7165985107422,143.7165985107422,0,0.0,0.0,0.0
2023-08-22 00:00:00-04:00,143.29754638671875,143.29754638671875,143.29754638671875,143.29754638671875,0,0.0,0.0,0.0
2023-08-23 00:00:00-04:00,144.94384765625,144.94384765625,144.94384765625,144.94384765625,0,0.0,0.0,0.0
2023-08-24 00:00:00-04:00,142.9184112548828,142.9184112548828,142.9184112548828,142.9184112548828,0,0.0,0.0,0.0
2023-08-25 00:00:00-04:00,143.9361114501953,143.9361114501953,143.9361114501953,143.9361114501953,0,0.0,0.0,0.0
2023-08-28 00:00:00-04:00,144.78421020507812,144.78421020507812,144.78421020507812,144.78421020507812,0,0.0,0.0,0.0
2023-08-29 00:00:00-04:00,147.01918029785156,147.01918029785156,147.01918029785156,147.01918029785156,0,0.0,0.0,0.0
2023-08-30 00:00:00-04:00,147.667724609375,147.667724609375,147.667724609375,147.667724609375,0,0.0,0.0,0.0
2023-08-31 00:00:00-04:00,147.54798889160156,147.54798889160156,147.54798889160156,147.54798889160156,0,0.0,0.0,0.0
2023-09-01 00:00:00-04:00,147.87725830078125,147.87725830078125,147.87725830078125,147.87725830078125,0,0.0,0.0,0.0
2023-09-05 00:00:00-04:00,147.1987762451172,147.1987762451172,147.1987762451172,147.1987762451172,0,0.0,0.0,0.0
2023-09-06 00:00:00-04:00,146.18106079101562,146.18106079101562,146.18106079101562,146.18106079101562,0,0.0,0.0,0.0
2023-09-07 00:00:00-04:00,145.67221069335938,145.67221069335938,145.67221069335938,145.67221069335938,0,0.0,0.0,0.0
2023-09-08 00:00:00-04:00,145.83184814453125,145.83184814453125,145.83184814453125,145.83184814453125,0,0.0,0.0,0.0
2023-09-11 00:00:00-04:00,146.89944458007812,146.89944458007812,146.89944458007812,146.89944458007812,0,0.0,0.0,0.0
2023-09-13 00:00:00-04:00,146.01144409179688,146.01144409179688,146.01144409179688,146.01144409179688,0,0.0,0.0,0.0
2023-09-14 00:00:00-04:00,147.0790557861328,147.0790557861328,147.0790557861328,147.0790557861328,0,0.0,0.0,0.0
2023-09-15 00:00:00-04:00,145.29306030273438,145.29306030273438,145.29306030273438,145.29306030273438,0,0.0,0.0,0.0
2023-09-18 00:00:00-04:00,145.33297729492188,145.33297729492188,145.33297729492188,145.33297729492188,0,0.0,0.0,0.0
2023-09-19 00:00:00-04:00,145.01368713378906,145.01368713378906,145.01368713378906,145.01368713378906,0,0.0,0.0,0.0
2023-09-20 00:00:00-04:00,143.70663452148438,143.70663452148438,143.70663452148438,143.70663452148438,0,0.0,0.0,0.0
2023-09-21 00:00:00-04:00,141.36190795898438,141.36190795898438,141.36190795898438,141.36190795898438,0,0.0,0.0,0.0
2023-09-22 00:00:00-04:00,141.08253479003906,141.08253479003906,141.08253479003906,141.08253479003906,0,0.0,0.0,0.0
2023-09-25 00:00:00-04:00,141.6412811279297,141.6412811279297,141.6412811279297,141.6412811279297,0,0.0,0.0,0.0
2023-09-26 00:00:00-04:00,139.575927734375,139.575927734375,139.575927734375,139.575927734375,0,0.0,0.0,0.0
2023-09-27 00:00:00-04:00,139.65574645996094,139.65574645996094,139.65574645996094,139.65574645996094,0,0.0,0.0,0.0
2023-09-28 00:00:00-04:00,140.59364318847656,140.59364318847656,140.59364318847656,140.59364318847656,0,0.0,0.0,0.0
2023-09-29 00:00:00-04:00,140.2943115234375,140.2943115234375,140.2943115234375,140.2943115234375,0,0.0,0.0,0.0
2023-10-02 00:00:00-04:00,140.4240264892578,140.4240264892578,140.4240264892578,140.4240264892578,0,0.0,0.0,0.0
2023-10-03 00:00:00-04:00,138.37863159179688,138.37863159179688,138.37863159179688,138.37863159179688,0,0.0,0.0,0.0
2023-10-04 00:00:00-04:00,,,,,0,0.311379,0.0,0.0
2023-10-05 00:00:00-04:00,139.49000549316406,139.49000549316406,139.49000549316406,139.49000549316406,0,0.0,0.0,0.0
2023-10-06 00:00:00-04:00,141.14999389648438,141.14999389648438,141.14999389648438,141.14999389648438,0,0.0,0.0,0.0
2023-10-09 00:00:00-04:00,141.8000030517578,141.8000030517578,141.8000030517578,141.8000030517578,0,0.0,0.0,0.0
2023-10-10 00:00:00-04:00,142.6199951171875,142.6199951171875,142.6199951171875,142.6199951171875,0,0.0,0.0,0.0
2023-10-11 00:00:00-04:00,143.11000061035156,143.11000061035156,143.11000061035156,143.11000061035156,0,0.0,0.0,0.0
2023-10-12 00:00:00-04:00,142.14999389648438,142.14999389648438,142.14999389648438,142.14999389648438,0,0.0,0.0,0.0
2023-10-13 00:00:00-04:00,141.27000427246094,141.27000427246094,141.27000427246094,141.27000427246094,0,0.0,0.0,0.0
2023-10-16 00:00:00-04:00,142.86000061035156,142.86000061035156,142.86000061035156,142.86000061035156,0,0.0,0.0,0.0
2023-10-17 00:00:00-04:00,142.85000610351562,142.85000610351562,142.85000610351562,142.85000610351562,0,0.0,0.0,0.0
2023-10-18 00:00:00-04:00,140.8000030517578,140.8000030517578,140.8000030517578,140.8000030517578,0,0.0,0.0,0.0
2023-10-19 00:00:00-04:00,139.55999755859375,139.55999755859375,139.55999755859375,139.55999755859375,0,0.0,0.0,0.0
2023-10-20 00:00:00-04:00,137.7899932861328,137.7899932861328,137.7899932861328,137.7899932861328,0,0.0,0.0,0.0
2023-10-23 00:00:00-04:00,137.52000427246094,137.52000427246094,137.52000427246094,137.52000427246094,0,0.0,0.0,0.0
2023-10-24 00:00:00-04:00,138.49000549316406,138.49000549316406,138.49000549316406,138.49000549316406,0,0.0,0.0,0.0
2023-10-25 00:00:00-04:00,136.33999633789062,136.33999633789062,136.33999633789062,136.33999633789062,0,0.0,0.0,0.0
2023-10-26 00:00:00-04:00,134.72000122070312,134.72000122070312,134.72000122070312,134.72000122070312,0,0.0,0.0,0.0
2023-10-27 00:00:00-04:00,134.11000061035156,134.11000061035156,134.11000061035156,134.11000061035156,0,0.0,0.0,0.0
2023-10-30 00:00:00-04:00,135.66000366210938,135.66000366210938,135.66000366210938,135.66000366210938,0,0.0,0.0,0.0
2023-10-31 00:00:00-04:00,136.57000732421875,136.57000732421875,136.57000732421875,136.57000732421875,0,0.0,0.0,0.0
2023-11-01 00:00:00-04:00,137.99000549316406,137.99000549316406,137.99000549316406,137.99000549316406,0,0.0,0.0,0.0
2023-11-02 00:00:00-04:00,140.61000061035156,140.61000061035156,140.61000061035156,140.61000061035156,0,0.0,0.0,0.0
2023-11-03 00:00:00-04:00,142.05999755859375,142.05999755859375,142.05999755859375,142.05999755859375,0,0.0,0.0,0.0
2023-11-06 00:00:00-05:00,142.3699951171875,142.3699951171875,142.3699951171875,142.3699951171875,0,0.0,0.0,0.0
2023-11-07 00:00:00-05:00,143.02999877929688,143.02999877929688,143.02999877929688,143.02999877929688,0,0.0,0.0,0.0
2023-11-08 00:00:00-05:00,143.17999267578125,143.17999267578125,143.17999267578125,143.17999267578125,0,0.0,0.0,0.0
2023-11-09 00:00:00-05:00,142.0,142.0,142.0,142.0,0,0.0,0.0,0.0
2023-11-10 00:00:00-05:00,144.3000030517578,144.3000030517578,144.3000030517578,144.3000030517578,0,0.0,0.0,0.0
2023-11-13 00:00:00-05:00,144.17999267578125,144.17999267578125,144.17999267578125,144.17999267578125,0,0.0,0.0,0.0
2023-11-14 00:00:00-05:00,147.00999450683594,147.00999450683594,147.00999450683594,147.00999450683594,0,0.0,0.0,0.0
2023-11-15 00:00:00-05:00,147.36000061035156,147.36000061035156,147.36000061035156,147.36000061035156,0,0.0,0.0,0.0
2023-11-16 00:00:00-05:00,147.5399932861328,147.5399932861328,147.5399932861328,147.5399932861328,0,0.0,0.0,0.0
2023-11-17 00:00:00-05:00,147.72000122070312,147.72000122070312,147.72000122070312,147.72000122070312,0,0.0,0.0,0.0
2023-11-20 00:00:00-05:00,148.85000610351562,148.85000610351562,148.85000610351562,148.85000610351562,0,0.0,0.0,0.0
2023-11-21 00:00:00-05:00,148.57000732421875,148.57000732421875,148.57000732421875,148.57000732421875,0,0.0,0.0,0.0
2023-11-22 00:00:00-05:00,149.16000366210938,149.16000366210938,149.16000366210938,149.16000366210938,0,0.0,0.0,0.0
2023-11-24 00:00:00-05:00,149.33999633789062,149.33999633789062,149.33999633789062,149.33999633789062,0,0.0,0.0,0.0
2023-11-27 00:00:00-05:00,149.0800018310547,149.0800018310547,149.0800018310547,149.0800018310547,0,0.0,0.0,0.0
2023-11-28 00:00:00-05:00,149.1300048828125,149.1300048828125,149.1300048828125,149.1300048828125,0,0.0,0.0,0.0
2023-11-29 00:00:00-05:00,149.25,149.25,149.25,149.25,0,0.0,0.0,0.0
2023-11-30 00:00:00-05:00,149.9199981689453,149.9199981689453,149.9199981689453,149.9199981689453,0,0.0,0.0,0.0
2023-12-01 00:00:00-05:00,150.94000244140625,150.94000244140625,150.94000244140625,150.94000244140625,0,0.0,0.0,0.0
2023-12-04 00:00:00-05:00,150.14999389648438,150.14999389648438,150.14999389648438,150.14999389648438,0,0.0,0.0,0.0
2023-12-05 00:00:00-05:00,150.11000061035156,150.11000061035156,150.11000061035156,150.11000061035156,0,0.0,0.0,0.0
2023-12-06 00:00:00-05:00,149.58999633789062,149.58999633789062,149.58999633789062,149.58999633789062,0,0.0,0.0,0.0
2023-12-07 00:00:00-05:00,150.82000732421875,150.82000732421875,150.82000732421875,150.82000732421875,0,0.0,0.0,0.0
2023-12-08 00:00:00-05:00,151.44000244140625,151.44000244140625,151.44000244140625,151.44000244140625,0,0.0,0.0,0.0
2023-12-11 00:00:00-05:00,152.22000122070312,152.22000122070312,152.22000122070312,152.22000122070312,0,0.0,0.0,0.0
2023-12-12 00:00:00-05:00,152.9499969482422,152.9499969482422,152.9499969482422,152.9499969482422,0,0.0,0.0,0.0
2023-12-13 00:00:00-05:00,155.0,155.0,155.0,155.0,0,0.0,0.0,0.0
2023-12-14 00:00:00-05:00,155.49000549316406,155.49000549316406,155.49000549316406,155.49000549316406,0,0.0,0.0,0.0
2023-12-15 00:00:00-05:00,155.49000549316406,155.49000549316406,155.49000549316406,155.49000549316406,0,0.0,0.0,0.0
2023-12-18 00:00:00-05:00,156.11000061035156,156.11000061035156,156.11000061035156,156.11000061035156,0,0.0,0.0,0.0
2023-12-19 00:00:00-05:00,156.97999572753906,156.97999572753906,156.97999572753906,156.97999572753906,0,0.0,0.0,0.0
2023-12-20 00:00:00-05:00,154.63999938964844,154.63999938964844,154.63999938964844,154.63999938964844,0,0.0,0.0,0.0
2023-12-21 00:00:00-05:00,156.30999755859375,156.30999755859375,156.30999755859375,156.30999755859375,0,0.0,0.0,0.0
2023-12-22 00:00:00-05:00,156.58999633789062,156.58999633789062,156.58999633789062,156.58999633789062,0,0.0,0.0,0.0
2023-12-28 00:00:00-05:00,157.5500030517578,157.5500030517578,157.5500030517578,157.5500030517578,0,0.0,0.0,0.0
2024-01-08 00:00:00-05:00,156.66000366210938,156.66000366210938,156.66000366210938,156.66000366210938,0,0.0,0.0,0.0
2024-01-09 00:00:00-05:00,156.5399932861328,156.5399932861328,156.5399932861328,156.5399932861328,0,0.0,0.0,0.0
2024-01-10 00:00:00-05:00,157.3800048828125,157.3800048828125,157.3800048828125,157.3800048828125,0,0.0,0.0,0.0
2024-01-11 00:00:00-05:00,157.38999938964844,157.38999938964844,157.38999938964844,157.38999938964844,0,0.0,0.0,0.0
2024-01-12 00:00:00-05:00,157.38999938964844,157.38999938964844,157.38999938964844,157.38999938964844,0,0.0,0.0,0.0
2024-01-16 00:00:00-05:00,157.00999450683594,157.00999450683594,157.00999450683594,157.00999450683594,0,0.0,0.0,0.0
2024-01-17 00:00:00-05:00,156.17999267578125,156.17999267578125,156.17999267578125,156.17999267578125,0,0.0,0.0,0.0
2024-01-18 00:00:00-05:00,157.64999389648438,157.64999389648438,157.64999389648438,157.64999389648438,0,0.0,0.0,0.0
2024-01-19 00:00:00-05:00,159.6699981689453,159.6699981689453,159.6699981689453,159.6699981689453,0,0.0,0.0,0.0
2024-01-22 00:00:00-05:00,160.16000366210938,160.16000366210938,160.16000366210938,160.16000366210938,0,0.0,0.0,0.0
2024-01-23 00:00:00-05:00,160.60000610351562,160.60000610351562,160.60000610351562,160.60000610351562,0,0.0,0.0,0.0
2024-01-24 00:00:00-05:00,160.61000061035156,160.61000061035156,160.61000061035156,160.61000061035156,0,0.0,0.0,0.0
2024-01-26 00:00:00-05:00,161.16000366210938,161.16000366210938,161.16000366210938,161.16000366210938,0,0.0,0.0,0.0
2024-01-29 00:00:00-05:00,162.47000122070312,162.47000122070312,162.47000122070312,162.47000122070312,0,0.0,0.0,0.0
2024-01-30 00:00:00-05:00,162.3000030517578,162.3000030517578,162.3000030517578,162.3000030517578,0,0.0,0.0,0.0
2024-01-31 00:00:00-05:00,159.6699981689453,159.6699981689453,159.6699981689453,159.6699981689453,0,0.0,0.0,0.0
2024-02-01 00:00:00-05:00,161.6999969482422,161.6999969482422,161.6999969482422,161.6999969482422,0,0.0,0.0,0.0
2024-02-02 00:00:00-05:00,162.94000244140625,162.94000244140625,162.94000244140625,162.94000244140625,0,0.0,0.0,0.0
2024-02-05 00:00:00-05:00,162.66000366210938,162.66000366210938,162.66000366210938,162.66000366210938,0,0.0,0.0,0.0
2024-02-06 00:00:00-05:00,162.97999572753906,162.97999572753906,162.97999572753906,162.97999572753906,0,0.0,0.0,0.0
2024-02-07 00:00:00-05:00,164.27000427246094,164.27000427246094,164.27000427246094,164.27000427246094,0,0.0,0.0,0.0
2024-02-08 00:00:00-05:00,164.47000122070312,164.47000122070312,164.47000122070312,164.47000122070312,0,0.0,0.0,0.0
2024-02-09 00:00:00-05:00,165.64999389648438,165.64999389648438,165.64999389648438,165.64999389648438,0,0.0,0.0,0.0
2024-02-12 00:00:00-05:00,165.39999389648438,165.39999389648438,165.39999389648438,165.39999389648438,0,0.0,0.0,0.0
2024-02-13 00:00:00-05:00,163.10000610351562,163.10000610351562,163.10000610351562,163.10000610351562,0,0.0,0.0,0.0
2024-02-14 00:00:00-05:00,164.7899932861328,164.7899932861328,164.7899932861328,164.7899932861328,0,0.0,0.0,0.0
2024-02-15 00:00:00-05:00,165.47999572753906,165.47999572753906,165.47999572753906,165.47999572753906,0,0.0,0.0,0.0
2024-02-16 00:00:00-05:00,164.72000122070312,164.72000122070312,164.72000122070312,164.72000122070312,0,0.0,0.0,0.0
2024-02-20 00:00:00-05:00,163.64999389648438,163.64999389648438,163.64999389648438,163.64999389648438,0,0.0,0.0,0.0
2024-02-21 00:00:00-05:00,163.6699981689453,163.6699981689453,163.6699981689453,163.6699981689453,0,0.0,0.0,0.0
2024-02-22 00:00:00-05:00,167.22999572753906,167.22999572753906,167.22999572753906,167.22999572753906,0,0.0,0.0,0.0
2024-02-23 00:00:00-05:00,167.32000732421875,167.32000732421875,167.32000732421875,167.32000732421875,0,0.0,0.0,0.0
2024-02-26 00:00:00-05:00,166.85000610351562,166.85000610351562,166.85000610351562,166.85000610351562,0,0.0,0.0,0.0
2024-02-27 00:00:00-05:00,167.0500030517578,167.0500030517578,167.0500030517578,167.0500030517578,0,0.0,0.0,0.0
2024-02-28 00:00:00-05:00,166.6699981689453,166.6699981689453,166.6699981689453,166.6699981689453,0,0.0,0.0,0.0
2024-02-29 00:00:00-05:00,167.52000427246094,167.52000427246094,167.52000427246094,167.52000427246094,0,0.0,0.0,0.0
2024-03-01 00:00:00-05:00,168.9199981689453,168.9199981689453,168.9199981689453,168.9199981689453,0,0.0,0.0,0.0
2024-03-04 00:00:00-05:00,168.6999969482422,168.6999969482422,168.6999969482422,168.6999969482422,0,0.0,0.0,0.0
2024-03-05 00:00:00-05:00,166.82000732421875,166.82000732421875,166.82000732421875,166.82000732421875,0,0.0,0.0,0.0
2024-03-06 00:00:00-05:00,167.7100067138672,167.7100067138672,167.7100067138672,167.7100067138672,0,0.0,0.0,0.0
2024-03-07 00:00:00-05:00,169.44000244140625,169.44000244140625,169.44000244140625,169.44000244140625,0,0.0,0.0,0.0
2024-03-08 00:00:00-05:00,168.13999938964844,168.13999938964844,168.13999938964844,168.13999938964844,0,0.0,0.0,0.0
2024-03-11 00:00:00-04:00,168.11000061035156,168.11000061035156,168.11000061035156,168.11000061035156,0,0.0,0.0,0.0
2024-03-12 00:00:00-04:00,170.0399932861328,170.0399932861328,170.0399932861328,170.0399932861328,0,0.0,0.0,0.0
2024-03-13 00:00:00-04:00,169.6199951171875,169.6199951171875,169.6199951171875,169.6199951171875,0,0.0,0.0,0.0
2024-03-14 00:00:00-04:00,169.0800018310547,169.0800018310547,169.0800018310547,169.0800018310547,0,0.0,0.0,0.0
2024-03-15 00:00:00-04:00,167.92999267578125,167.92999267578125,167.92999267578125,167.92999267578125,0,0.0,0.0,0.0
2024-03-18 00:00:00-04:00,168.92999267578125,168.92999267578125,168.92999267578125,168.92999267578125,0,0.0,0.0,0.0
2024-03-19 00:00:00-04:00,169.91000366210938,169.91000366210938,169.91000366210938,169.91000366210938,0,0.0,0.0,0.0
